<annotation>
  <folder>train</folder>
  <filename>monkey_groups_082</filename>
  <path>monkey_groups_082.jpg</path>
  <source>
    <database>Unknown</database>
  </source>
  <size>
    <width>474</width>
    <height>266</height>
    <depth>3</depth>
  </size>
  <segmented>0</segmented>
  <object>
    <name>monkey</name>
    <pose>Unspecified</pose>
    <truncated>0</truncated>
    <difficult>0</difficult>
    <bndbox>
      <xmin>1</xmin>
      <ymin>7</ymin>
      <xmax>330</xmax>
      <ymax>266</ymax>
    </bndbox>
  </object>
</annotation>