<annotation>
  <folder>train</folder>
  <filename>monkeys_064</filename>
  <path>monkeys_064.jpg</path>
  <source>
    <database>Unknown</database>
  </source>
  <size>
    <width>474</width>
    <height>311</height>
    <depth>3</depth>
  </size>
  <segmented>0</segmented>
  <object>
    <name>monkey</name>
    <pose>Unspecified</pose>
    <truncated>0</truncated>
    <difficult>0</difficult>
    <bndbox>
      <xmin>125</xmin>
      <ymin>4</ymin>
      <xmax>314</xmax>
      <ymax>277</ymax>
    </bndbox>
  </object>
  <object>
    <name>monkey</name>
    <pose>Unspecified</pose>
    <truncated>0</truncated>
    <difficult>0</difficult>
    <bndbox>
      <xmin>270</xmin>
      <ymin>61</ymin>
      <xmax>417</xmax>
      <ymax>309</ymax>
    </bndbox>
  </object>
</annotation>