<annotation>
  <folder>train</folder>
  <filename>monkey_groups_055</filename>
  <path>monkey_groups_055.jpg</path>
  <source>
    <database>Unknown</database>
  </source>
  <size>
    <width>474</width>
    <height>387</height>
    <depth>3</depth>
  </size>
  <segmented>0</segmented>
  <object>
    <name>monkey</name>
    <pose>Unspecified</pose>
    <truncated>0</truncated>
    <difficult>0</difficult>
    <bndbox>
      <xmin>12</xmin>
      <ymin>30</ymin>
      <xmax>145</xmax>
      <ymax>266</ymax>
    </bndbox>
  </object>
  <object>
    <name>monkey</name>
    <pose>Unspecified</pose>
    <truncated>0</truncated>
    <difficult>0</difficult>
    <bndbox>
      <xmin>143</xmin>
      <ymin>172</ymin>
      <xmax>252</xmax>
      <ymax>359</ymax>
    </bndbox>
  </object>
  <object>
    <name>monkey</name>
    <pose>Unspecified</pose>
    <truncated>0</truncated>
    <difficult>0</difficult>
    <bndbox>
      <xmin>246</xmin>
      <ymin>39</ymin>
      <xmax>419</xmax>
      <ymax>311</ymax>
    </bndbox>
  </object>
</annotation>